identificacion;nombre;apellido1;apellido2;tipo_documento;numero_celular;correo;billetera;facultad;programa;sem;nota_pga;codigopwc;creditos_planAc;total_creditos_apro;creditos_periodo;creditos_apro_periodo;sanciones
147388840;Valentina;Hoyos;Hoyos;TI;323 127 8768;brayanjiru14@gmail.com;;Facultad de Medicina Veterinaria y Zootecnia;Medicina Veterinaria y Zootecnia;10;4.0;000-358-363;141;132;18;18;0
171238145;Fernando;Otero;Jimenez;CC;304 197 8596;brayanjiru14@gmail.com;;Facultad de Medicina Veterinaria y Zootecnia;Medicina Veterinaria y Zootecnia;10;4.7;000-660-316;217;129;19;19;0
389849863;Juliana;Rodriguez;Gomez;CC;300 266 1390;brayanjiru14@gmail.com;;Facultad de Medicina Veterinaria y Zootecnia;Medicina Veterinaria y Zootecnia;3;3.3;000-634-109;156;147;17;17;1
870385458;Miguel;Cortez;Pineda;CC;304 816 4732;brayanjiru14@gmail.com;;Facultad de Medicina Veterinaria y Zootecnia;Medicina Veterinaria y Zootecnia;2;4.8;000-145-810;260;142;17;17;3
402269191;Laura;Gonzales;Dueñas;TI;324 951 4074;brayanjiru14@gmail.com;;Facultad de Medicina Veterinaria y Zootecnia;Medicina Veterinaria y Zootecnia;4;4.4;000-323-905;243;160;18;18;4
219963515;Anuar;Cordero;Peña;CC;324 454 6041;brayanjiru14@gmail.com;;Facultad Ciencias de la Salud;Administración en Salud;3;3.2;000-682-793;260;98;19;14;0
297981395;Mariana;Garcia;Acuña;CC;320 687 4141;brayanjiru14@gmail.com;;Facultad de Educación y Ciencias Humanas;Ciencias Naturales y Educación Ambiental;10;4.3;000-232-551;139;101;21;21;0
187253243;Daniel;Mozo;Fabra;CC;303 180 2792;brayanjiru14@gmail.com;;Facultad de Medicina Veterinaria y Zootecnia;Medicina Veterinaria y Zootecnia;9;3.6;000-293-871;139;94;16;16;2
881017328;Federico;Cortez;Mesa;CC;321 531 1159;brayanjiru14@gmail.com;;Facultad de Educación y Ciencias Humanas;Informática;1;3.7;000-449-409;213;46;16;16;1
933297775;Luz;Berrio;Fabra;CC;305 879 2069;brayanjiru14@gmail.com;;Facultad de Educación y Ciencias Humanas;Ciencias Naturales y Educación Ambiental;10;4.6;000-326-876;243;85;16;16;0
564249296;Alberto;Pineda;Jimenez;CC;300 676 6106;brayanjiru14@gmail.com;;Facultad Ciencias de la Salud;Regencia de Farmacia;5;3.9;000-754-899;290;287;18;13;3
392353834;Alberto;Ruiz;Herazo;CC;313 524 6397;brayanjiru14@gmail.com;;Facultad Ciencias de la Salud;Enfermería;1;3.5;000-552-776;178;159;20;12;0
511150845;Gustavo;Lopez;Vega;CC;300 488 1833;brayanjiru14@gmail.com;;Facultad de Ingeniería;Ingeniería Ambiental;3;4.3;000-692-942;112;93;16;11;0
972138950;Mariana;Mendoza;Ruiz;CC;301 209 6618;brayanjiru14@gmail.com;;Facultad Ciencias de la Salud;Administración en Salud;5;4.9;000-977-352;102;35;17;17;0
620792580;Gustavo;Posada;Hoyos;CC;322 376 3091;brayanjiru14@gmail.com;;Facultad de Medicina Veterinaria y Zootecnia;Medicina Veterinaria y Zootecnia;4;3.6;000-498-467;241;240;17;17;0
979220059;Fernando;Gomez;Sierra;CC;302 373 5903;brayanjiru14@gmail.com;;Facultad de Ingeniería;Ingeniería Ambiental;6;4.2;000-874-769;265;142;19;12;0
580087979;Jenifer;Herazo;Santos;CC;305 299 6840;brayanjiru14@gmail.com;;Facultad de Ciencias Agrícolas;Acuicultura;6;4.3;000-389-535;213;54;15;15;0
452549897;Gustavo;Fabra;Otero;CC;311 827 3233;brayanjiru14@gmail.com;;Facultad de Ciencias Agrícolas;Acuicultura;9;4.3;000-753-797;213;163;15;15;0
196262964;Jose;Garcia;Rodriguez;CC;323 685 8674;brayanjiru14@gmail.com;;Facultad de Medicina Veterinaria y Zootecnia;Medicina Veterinaria y Zootecnia;7;4.5;000-559-592;278;49;15;11;0
660370756;Brayan;Otero;Gonzales;TI;313 162 3471;brayanjiru14@gmail.com;;Facultad de Educación y Ciencias Humanas;Informática;5;3.9;000-771-554;213;79;17;8;0
408337272;Daniel;Garcia;Posada;CC;304 174 2065;brayanjiru14@gmail.com;;Facultad de Medicina Veterinaria y Zootecnia;Medicina Veterinaria y Zootecnia;1;3.5;000-877-595;172;129;20;11;1
648937341;Jose;Carvajal;Padilla;CC;311 914 2721;brayanjiru14@gmail.com;;Facultad de Ciencias Agrícolas;Acuicultura;8;3.1;000-923-847;196;152;18;12;0
963700819;Orlando;Quiroga;Agamez;CC;311 750 4647;brayanjiru14@gmail.com;;Facultad Ciencias Básicas;Física;5;3.7;000-696-297;161;72;16;16;0
722338740;Valentina;Mesa;Cordero;CC;301 437 9001;brayanjiru14@gmail.com;;Facultad de Medicina Veterinaria y Zootecnia;Medicina Veterinaria y Zootecnia;7;4.9;000-515-296;287;116;15;15;3
261396800;Juliana;Vega;Alvarez;CC;320 236 8947;brayanjiru14@gmail.com;;Facultad Ciencias de la Salud;Bacteriología;8;4.3;000-734-409;152;148;21;11;4
949798790;Juan;Sierra;Berrio;CC;311 324 2914;brayanjiru14@gmail.com;;Facultad Ciencias Básicas;Geografía;9;4.6;000-839-782;188;34;20;20;0
322855839;Elian;Dueñas;Gomez;CC;321 179 7614;brayanjiru14@gmail.com;;Facultad Ciencias Básicas;Biología;4;4.7;000-573-363;252;40;19;11;0
149189087;Aura;Peña;Lopez;CC;310 435 4374;brayanjiru14@gmail.com;;Facultad Ciencias de la Salud;Bacteriología;5;4.8;000-483-819;127;105;17;11;1
983220627;Andres;Negrete;Fabra;CC;320 524 6102;brayanjiru14@gmail.com;;Facultad de Ciencias Agrícolas;Ingenierpía Agronómica;9;5.0;000-950-696;118;117;20;20;4
624838011;Elian;Carvajal;Vega;CC;322 628 2997;brayanjiru14@gmail.com;;Facultad de Medicina Veterinaria y Zootecnia;Medicina Veterinaria y Zootecnia;1;4.5;000-250-543;259;52;16;16;2
608957218;Fabian;Lopez;Herazo;CC;300 906 1769;brayanjiru14@gmail.com;;Facultad Ciencias de la Salud;Administración en Salud;2;5.0;000-964-796;180;100;21;21;1
553377776;Gustavo;Berrio;Quiroga;CC;322 153 1149;brayanjiru14@gmail.com;;Facultad Ciencias Básicas;Matemáticas;5;3.4;000-572-721;192;79;19;19;3
648375244;Federico;Gomez;Santos;CC;305 391 1423;brayanjiru14@gmail.com;;Facultad de Ingeniería;Ingeniería Industrial;9;4.3;000-551-584;110;107;17;17;2
987254948;Daniela;Martinez;Otero;CC;320 384 8167;brayanjiru14@gmail.com;;Facultad de Medicina Veterinaria y Zootecnia;Medicina Veterinaria y Zootecnia;6;4.1;000-514-131;257;29;16;16;1
244563671;Brayan;Posada;Mesa;CC;302 904 1924;brayanjiru14@gmail.com;;Facultad de Ciencias Agrícolas;Ingenierpía Agronómica;1;4.2;000-482-280;121;23;20;20;0
365767680;Andrea;Mozo;Vega;CC;311 606 9527;brayanjiru14@gmail.com;;Facultad Ciencias Económicas, jurídicas y Administrativas;Derecho;4;3.3;000-811-287;193;21;21;21;0
560413973;Juliana;Cortez;Carvajal;CC;300 871 8315;brayanjiru14@gmail.com;;Facultad Ciencias Económicas, jurídicas y Administrativas;Administración en Finanzas y Negocios Internacionales;3;4.7;000-662-526;206;164;17;14;0
329206427;Andres;Gomez;Mesa;CC;300 505 8472;brayanjiru14@gmail.com;;Facultad de Ciencias Agrícolas;Acuicultura;7;3.9;000-811-253;122;44;18;18;2
331637722;Elian;Carvajal;Alvarez;CC;323 988 1185;brayanjiru14@gmail.com;;Facultad de Medicina Veterinaria y Zootecnia;Medicina Veterinaria y Zootecnia;8;4.2;000-558-558;240;203;16;16;4
362876674;Orlando;Negrete;Dueñas;CC;323 527 4310;brayanjiru14@gmail.com;;Facultad Ciencias Básicas;Física;4;4.6;000-512-640;290;211;21;12;0
169415716;Jose;Herazo;Padilla;CC;313 919 2699;brayanjiru14@gmail.com;;Facultad Ciencias Básicas;Geografía;9;4.4;000-812-597;269;207;17;17;0
694291825;Valentina;Bedoya;Petro;CC;322 717 1689;brayanjiru14@gmail.com;;Facultad de Ingeniería;Ingeniería de Sistemas;6;3.1;000-783-669;193;42;19;19;2
233498193;Luisa;Jimenez;Gomez;CC;322 390 1766;brayanjiru14@gmail.com;;Facultad de Ciencias Agrícolas;Ingenierpía Agronómica;2;4.8;000-731-714;269;242;19;19;0
660719396;Alberto;Otero;Rodriguez;CC;301 851 7373;brayanjiru14@gmail.com;;Facultad de Educación y Ciencias Humanas;Informática;4;3.2;000-429-149;159;18;15;15;0
605376541;Luz;Herazo;Peña;CC;320 301 6229;brayanjiru14@gmail.com;;Facultad Ciencias de la Salud;Enfermería;7;3.1;000-543-705;288;239;19;17;0
863244085;Pedro;Herazo;Posada;CC;302 850 2451;brayanjiru14@gmail.com;;Facultad Ciencias Económicas, jurídicas y Administrativas;Administración en Finanzas y Negocios Internacionales;10;3.1;000-735-857;237;38;19;13;4
245256316;Duvan;Negrete;Sierra;CC;305 495 4236;brayanjiru14@gmail.com;;Facultad de Ciencias Agrícolas;Acuicultura;3;4.8;000-554-138;261;62;17;17;0
400408225;Teofilo;Sierra;Sierra;CC;321 975 6478;brayanjiru14@gmail.com;;Facultad de Educación y Ciencias Humanas;Lenguas Extranjeras con Énfasis en Inglés;6;3.5;000-719-972;231;129;20;15;0
939287440;Maria;Jimenez;Santos;CC;312 854 1890;brayanjiru14@gmail.com;;Facultad de Educación y Ciencias Humanas;Informática;5;4.1;000-265-800;137;52;16;16;0
981954736;Federico;Dueñas;Lopez;CC;312 556 6166;brayanjiru14@gmail.com;;Facultad de Educación y Ciencias Humanas;Literatura y Lengua Castellana;9;4.7;000-627-832;247;108;20;13;2
494308733;Roberto;Mendoza;Cortez;TI;304 205 8713;brayanjiru14@gmail.com;;Facultad de Educación y Ciencias Humanas;Literatura y Lengua Castellana;1;4.5;000-719-681;191;103;16;16;0
250226496;Teofilo;Carvajal;Santos;CC;301 223 7485;brayanjiru14@gmail.com;;Facultad de Educación y Ciencias Humanas;Educación Infantil;6;4.8;000-768-182;128;58;17;17;0
365974649;Sebastian;Hoyos;Martinez;CC;324 899 4891;brayanjiru14@gmail.com;;Facultad Ciencias Básicas;Biología;9;4.6;000-883-815;136;59;21;15;1
598515364;Andres;Ruiz;Cortez;CC;311 816 6901;brayanjiru14@gmail.com;;Facultad de Educación y Ciencias Humanas;Educación Física, Recreación y Deporte;4;4.6;000-546-987;190;81;21;21;0
304440343;Fernando;Alvarez;Negrete;CC;312 825 5324;brayanjiru14@gmail.com;;Facultad Ciencias Básicas;Estadística;2;4.5;000-157-596;109;52;19;15;0
675538680;Mariana;Peña;Fabra;CC;311 543 1967;brayanjiru14@gmail.com;;Facultad de Educación y Ciencias Humanas;Educación Física, Recreación y Deporte;7;5.0;000-592-946;114;87;19;16;0
101881745;Brayan;Petro;Mesa;CC;300 693 7053;brayanjiru14@gmail.com;;Facultad Ciencias Básicas;Química;10;4.8;000-919-973;213;130;16;13;3
221457563;Andrea;Herazo;Pineda;CC;321 276 1865;brayanjiru14@gmail.com;;Facultad de Medicina Veterinaria y Zootecnia;Medicina Veterinaria y Zootecnia;6;3.7;000-526-191;260;140;19;19;2
476157574;Duvan;Petro;Perez;CC;322 935 2967;brayanjiru14@gmail.com;;Facultad de Ciencias Agrícolas;Ingenierpía Agronómica;10;4.8;000-997-947;112;52;19;12;0
372230097;Federico;Fabra;Posada;CC;324 815 4162;brayanjiru14@gmail.com;;Facultad de Medicina Veterinaria y Zootecnia;Medicina Veterinaria y Zootecnia;6;4.9;000-287-783;161;86;19;19;1
927827975;Gustavo;Fabra;Rodriguez;CC;300 616 6293;brayanjiru14@gmail.com;;Facultad de Educación y Ciencias Humanas;Ciencias Sociales;2;4.1;000-329-428;200;21;19;15;0
212502576;Laura;Otero;Mendoza;TI;313 541 6887;brayanjiru14@gmail.com;;Facultad Ciencias Básicas;Matemáticas;7;4.5;000-252-245;218;187;19;19;1
284878946;Federico;Dueñas;Dueñas;CC;320 928 7919;brayanjiru14@gmail.com;;Facultad de Ingeniería;Ingeniería Mecánica;10;4.6;000-227-782;203;108;16;10;0
161357781;Jenifer;Padilla;Garcia;CC;304 617 3769;brayanjiru14@gmail.com;;Facultad de Ingeniería;Ingeniería Ambiental;10;4.2;000-324-135;185;181;19;12;0
600152730;Roberto;Peña;Berrio;CC;301 154 2470;brayanjiru14@gmail.com;;Facultad Ciencias Básicas;Biología;7;4.4;000-755-298;125;117;15;15;0
685553176;Sebastian;Garcia;Martinez;TI;305 740 3533;brayanjiru14@gmail.com;;Facultad Ciencias Básicas;Matemáticas;3;4.2;000-929-753;143;118;20;9;0
762487989;Brayan;Agamez;Pineda;CC;324 166 1000;brayanjiru14@gmail.com;;Facultad Ciencias Económicas, jurídicas y Administrativas;Administración en Finanzas y Negocios Internacionales;9;3.0;000-410-212;243;112;16;13;0
494636428;Juan;Gomez;Dueñas;CC;301 577 9999;brayanjiru14@gmail.com;;Facultad Ciencias Básicas;Estadística;10;3.8;000-209-197;145;118;19;16;0
565156301;Juliana;Quiroga;Cortez;CC;323 810 2786;brayanjiru14@gmail.com;;Facultad Ciencias Básicas;Estadística;9;4.4;000-967-704;189;121;17;16;0
198774895;Miguel;Pineda;Rodriguez;CC;305 795 5372;brayanjiru14@gmail.com;;Facultad de Medicina Veterinaria y Zootecnia;Medicina Veterinaria y Zootecnia;9;4.4;000-434-348;161;89;19;19;1
426771220;Pedro;Padilla;Fabra;CC;311 408 6502;brayanjiru14@gmail.com;;Facultad de Ingeniería;Ingeniería Mecánica;2;4.1;000-114-344;138;85;17;17;0
233957620;Maria;Hoyos;Peña;CC;310 659 3931;brayanjiru14@gmail.com;;Facultad Ciencias Económicas, jurídicas y Administrativas;Derecho;7;3.5;000-286-261;165;74;21;17;0
613128183;Jose;Perez;Jimenez;CC;311 601 8770;brayanjiru14@gmail.com;;Facultad de Ciencias Agrícolas;Ingenierpía Agronómica;8;4.9;000-231-675;122;31;18;17;2
604459727;Alberto;Posada;Gomez;CC;302 230 2769;brayanjiru14@gmail.com;;Facultad Ciencias Básicas;Química;9;4.2;000-509-484;228;32;21;21;0
721144148;Fernando;Negrete;Gomez;CC;323 769 5419;brayanjiru14@gmail.com;;Facultad de Ingeniería;Ingeniería Ambiental;6;4.1;000-524-287;289;253;17;16;0
851649998;Juan;Pineda;Negrete;CC;322 594 6613;brayanjiru14@gmail.com;;Facultad de Educación y Ciencias Humanas;Informática;10;3.3;000-267-974;154;21;15;8;0
336169967;Fabian;Quiroga;Garcia;CC;313 393 3026;brayanjiru14@gmail.com;;Facultad de Educación y Ciencias Humanas;Ciencias Naturales y Educación Ambiental;10;4.3;000-139-123;290;273;15;14;0
506291934;Kate;Santos;Hoyos;CC;312 130 5620;brayanjiru14@gmail.com;;Facultad de Ciencias Agrícolas;Acuicultura;6;3.4;000-995-218;230;85;15;15;0
739433735;Valentina;Padilla;Garcia;CC;310 160 6676;brayanjiru14@gmail.com;;Facultad de Ciencias Agrícolas;Acuicultura;7;4.8;000-278-294;128;106;18;17;1
320481118;Mariana;Acuña;Mendoza;CC;303 876 7147;brayanjiru14@gmail.com;;Facultad de Ingeniería;Ingeniería Mecánica;2;3.7;000-838-139;186;164;20;20;4
549556716;Laura;Hoyos;Bedoya;CC;315 368 7749;brayanjiru14@gmail.com;;Facultad Ciencias de la Salud;Bacteriología;3;4.0;000-690-290;178;92;19;15;0
934691935;Vanessa;Peña;Quiroga;CC;300 940 1819;brayanjiru14@gmail.com;;Facultad Ciencias Básicas;Física;2;3.7;000-959-589;199;27;20;20;0
862779966;Mariana;Sierra;Bedoya;CC;310 469 8705;brayanjiru14@gmail.com;;Facultad de Medicina Veterinaria y Zootecnia;Medicina Veterinaria y Zootecnia;6;3.5;000-707-357;270;250;16;16;1
510952516;Fabian;Acuña;Otero;CC;305 803 3876;brayanjiru14@gmail.com;;Facultad de Ciencias Agrícolas;Ingenierpía Agronómica;6;3.4;000-277-103;283;205;17;15;0
118580139;Daniel;Dueñas;Gomez;CC;320 424 9716;brayanjiru14@gmail.com;;Facultad de Ingeniería;Ingeniería de Sistemas;4;4.8;000-100-607;262;191;19;19;0
600397441;Aura;Quiroga;Mesa;TI;323 106 6502;brayanjiru14@gmail.com;;Facultad de Ingeniería;Ingeniería de Sistemas;8;4.4;000-959-746;119;88;20;20;3
485666793;Vanessa;Agamez;Berrio;CC;305 346 6769;brayanjiru14@gmail.com;;Facultad Ciencias de la Salud;Bacteriología;3;4.7;000-209-311;235;140;17;17;0
559190751;Brayan;Rodriguez;Carvajal;CC;300 957 8193;brayanjiru14@gmail.com;;Facultad de Educación y Ciencias Humanas;Ciencias Naturales y Educación Ambiental;7;3.2;000-450-435;225;109;16;16;3
200515615;Miguel;Garcia;Jimenez;CC;312 186 6098;brayanjiru14@gmail.com;;Facultad de Ciencias Agrícolas;Ingenierpía Agronómica;4;4.1;000-627-877;255;228;19;19;1
367664560;Johan;Mesa;Lopez;CC;300 604 2546;brayanjiru14@gmail.com;;Facultad de Educación y Ciencias Humanas;Ciencias Naturales y Educación Ambiental;10;4.6;000-343-525;241;46;18;18;0
127001915;Laura;Agamez;Hoyos;CC;302 906 2647;brayanjiru14@gmail.com;;Facultad Ciencias de la Salud;Bacteriología;1;3.5;000-815-344;175;143;21;21;0
669220997;Jenifer;Pineda;Agamez;CC;320 586 4731;brayanjiru14@gmail.com;;Facultad Ciencias de la Salud;Administración en Salud;8;4.2;000-484-131;226;36;21;21;1
310547140;Vanessa;Mendoza;Petro;CC;300 913 2822;brayanjiru14@gmail.com;;Facultad de Educación y Ciencias Humanas;Lenguas Extranjeras con Énfasis en Inglés;2;3.0;000-891-400;270;249;20;20;0
933222089;Juliana;Hoyos;Garcia;CC;323 555 2710;brayanjiru14@gmail.com;;Facultad de Educación y Ciencias Humanas;Literatura y Lengua Castellana;4;3.0;000-340-809;203;86;21;20;2
574279435;Roberto;Acuña;Vega;CC;303 926 6465;brayanjiru14@gmail.com;;Facultad Ciencias de la Salud;Enfermería;5;3.4;000-576-593;185;86;18;18;0
299895788;Kate;Carvajal;Padilla;CC;300 421 7398;brayanjiru14@gmail.com;;Facultad Ciencias de la Salud;Enfermería;2;3.1;000-896-207;233;81;21;21;0
510509408;Daniel;Negrete;Acuña;CC;310 181 8259;brayanjiru14@gmail.com;;Facultad Ciencias de la Salud;Enfermería;5;4.2;000-610-707;203;23;20;19;3
729468724;Monica;Negrete;Martinez;CC;311 475 7211;brayanjiru14@gmail.com;;Facultad de Ciencias Agrícolas;Acuicultura;7;3.2;000-962-391;144;29;21;8;0
679748342;Fabian;Fabra;Rodriguez;CC;314 267 7617;brayanjiru14@gmail.com;;Facultad de Educación y Ciencias Humanas;Lenguas Extranjeras con Énfasis en Inglés;1;4.3;000-754-120;131;72;20;16;0
300964642;Federico;Gomez;Lopez;TI;304 307 1526;brayanjiru14@gmail.com;;Facultad Ciencias de la Salud;Enfermería;5;3.3;000-366-372;248;23;19;16;0
608310188;Fernando;Gonzales;Perez;CC;302 800 3843;brayanjiru14@gmail.com;;Facultad Ciencias Básicas;Física;6;4.0;000-558-962;238;215;20;20;0
759245161;Luisa;Agamez;Perez;CC;315 461 1049;brayanjiru14@gmail.com;;Facultad de Ciencias Agrícolas;Acuicultura;7;4.5;000-391-879;184;68;15;14;4
231747277;Shakira;Gomez;Rodriguez;CC;302 381 1906;brayanjiru14@gmail.com;;Facultad de Educación y Ciencias Humanas;Ciencias Naturales y Educación Ambiental;6;3.1;000-327-341;238;67;16;10;0
393186182;Orlando;Martinez;Cordero;CC;305 976 7124;brayanjiru14@gmail.com;;Facultad de Medicina Veterinaria y Zootecnia;Medicina Veterinaria y Zootecnia;6;3.5;000-383-496;174;68;18;18;1
268773771;Federico;Berrio;Perez;CC;320 129 2709;brayanjiru14@gmail.com;;Facultad Ciencias Básicas;Estadística;4;3.6;000-993-221;186;161;17;17;0
102571886;Kate;Berrio;Berrio;CC;301 774 4401;brayanjiru14@gmail.com;;Facultad de Ingeniería;Ingeniería de Alimentos;8;4.0;000-626-773;167;158;19;11;0
409167999;Jose;Jimenez;Dueñas;CC;312 461 2435;brayanjiru14@gmail.com;;Facultad de Ingeniería;Ingeniería Mecánica;1;3.8;000-698-366;136;23;16;16;0
273734497;Sebastian;Mozo;Santos;CC;323 782 9089;brayanjiru14@gmail.com;;Facultad Ciencias de la Salud;Regencia de Farmacia;8;3.2;000-479-809;288;245;15;10;0
591673691;Shakira;Acuña;Pineda;CC;322 330 6264;brayanjiru14@gmail.com;;Facultad de Ingeniería;Ingeniería de Alimentos;2;3.9;000-919-105;288;49;21;21;3
704344180;Juan;Sierra;Vega;TI;301 154 3419;brayanjiru14@gmail.com;;Facultad Ciencias Básicas;Matemáticas;10;4.9;000-543-890;181;81;16;11;1
159935959;Federico;Dueñas;Petro;CC;324 158 8916;brayanjiru14@gmail.com;;Facultad de Medicina Veterinaria y Zootecnia;Medicina Veterinaria y Zootecnia;9;4.2;000-663-920;250;208;21;21;1
329373485;Vanessa;Gomez;Vega;CC;322 100 9345;brayanjiru14@gmail.com;;Facultad Ciencias Económicas, jurídicas y Administrativas;Derecho;2;4.8;000-156-706;191;84;21;17;0
522034018;Sebastian;Herazo;Negrete;CC;303 304 9911;brayanjiru14@gmail.com;;Facultad de Medicina Veterinaria y Zootecnia;Medicina Veterinaria y Zootecnia;7;4.8;000-856-331;221;170;21;12;0
308167616;Brayan;Garcia;Berrio;CC;311 901 5365;brayanjiru14@gmail.com;;Facultad Ciencias Económicas, jurídicas y Administrativas;Administración en Finanzas y Negocios Internacionales;7;3.9;000-976-407;188;32;19;12;0
418833577;Elian;Herazo;Garcia;CC;324 725 9365;brayanjiru14@gmail.com;;Facultad Ciencias Económicas, jurídicas y Administrativas;Derecho;5;4.5;000-294-344;253;56;17;15;4
223653167;Orlando;Ruiz;Mozo;CC;322 881 7066;brayanjiru14@gmail.com;;Facultad Ciencias Económicas, jurídicas y Administrativas;Derecho;9;3.5;000-892-552;107;83;15;11;4
320201783;Miguel;Padilla;Agamez;CC;315 667 7872;brayanjiru14@gmail.com;;Facultad de Medicina Veterinaria y Zootecnia;Medicina Veterinaria y Zootecnia;10;3.9;000-837-136;116;65;18;10;1
917007133;Pedro;Fabra;Fabra;CC;311 869 8206;brayanjiru14@gmail.com;;Facultad Ciencias Básicas;Matemáticas;2;4.2;000-597-243;202;171;15;15;0
952033013;Pedro;Dueñas;Dueñas;CC;302 912 3463;brayanjiru14@gmail.com;;Facultad Ciencias Económicas, jurídicas y Administrativas;Administración en Finanzas y Negocios Internacionales;8;4.6;000-579-488;212;47;16;10;3
379716242;Daniel;Cortez;Hoyos;CC;311 578 7126;brayanjiru14@gmail.com;;Facultad Ciencias de la Salud;Administración en Salud;9;4.5;000-829-440;218;144;20;20;3
503342773;Maria;Carvajal;Ruiz;CC;301 831 5626;brayanjiru14@gmail.com;;Facultad de Medicina Veterinaria y Zootecnia;Medicina Veterinaria y Zootecnia;10;3.6;000-366-242;283;251;19;19;1
427955871;Juliana;Padilla;Lopez;CC;312 579 8278;brayanjiru14@gmail.com;;Facultad de Ingeniería;Ingeniería de Alimentos;4;3.9;000-452-237;244;111;17;13;3
406736133;Miguel;Padilla;Gomez;CC;315 529 7099;brayanjiru14@gmail.com;;Facultad Ciencias Básicas;Matemáticas;1;4.3;000-897-961;219;119;20;20;4
553880901;Jenifer;Herazo;Vega;CC;301 588 4104;brayanjiru14@gmail.com;;Facultad de Ingeniería;Ingeniería de Sistemas;8;4.0;000-570-105;146;49;21;8;2
485810345;Fernando;Mendoza;Negrete;CC;313 161 9348;brayanjiru14@gmail.com;;Facultad de Ingeniería;Ingeniería Ambiental;10;4.6;000-388-509;222;148;15;15;1
527732379;Jose;Posada;Jimenez;CC;312 480 9623;brayanjiru14@gmail.com;;Facultad Ciencias Económicas, jurídicas y Administrativas;Derecho;3;4.9;000-473-387;263;182;19;19;0
376578912;Johan;Herazo;Pineda;TI;323 676 6183;brayanjiru14@gmail.com;;Facultad de Ciencias Agrícolas;Ingenierpía Agronómica;6;4.4;000-941-179;213;68;16;12;0
968495539;Maria;Mesa;Rodriguez;TI;320 227 5106;brayanjiru14@gmail.com;;Facultad Ciencias de la Salud;Bacteriología;6;4.3;000-799-805;217;76;18;8;1
338778038;Luz;Sierra;Otero;CC;304 320 1250;brayanjiru14@gmail.com;;Facultad de Ingeniería;Ingeniería Ambiental;9;3.6;000-726-525;116;58;17;14;3
115284850;Juliana;Gomez;Vega;CC;311 187 7140;brayanjiru14@gmail.com;;Facultad Ciencias Básicas;Química;1;3.7;000-504-869;269;77;17;12;0
530087081;Andrea;Bedoya;Mendoza;CC;323 853 3714;brayanjiru14@gmail.com;;Facultad de Ingeniería;Ingeniería de Alimentos;9;4.3;000-966-715;148;96;20;14;2
399313572;Miguel;Herazo;Cortez;CC;315 937 7442;brayanjiru14@gmail.com;;Facultad de Educación y Ciencias Humanas;Literatura y Lengua Castellana;3;3.2;000-749-980;145;86;18;18;0
237797862;Fernando;Petro;Acuña;CC;300 608 2916;brayanjiru14@gmail.com;;Facultad Ciencias Básicas;Física;5;4.7;000-279-569;242;163;16;16;2
281951823;Duvan;Mozo;Berrio;CC;311 169 2628;brayanjiru14@gmail.com;;Facultad Ciencias Básicas;Geografía;7;5.0;000-524-447;209;169;21;21;0
998679014;Andrea;Gonzales;Santos;CC;322 177 2703;brayanjiru14@gmail.com;;Facultad Ciencias Básicas;Física;2;3.8;000-751-166;145;59;16;16;0
527199572;Luz;Carvajal;Cordero;TI;314 155 2522;brayanjiru14@gmail.com;;Facultad de Medicina Veterinaria y Zootecnia;Medicina Veterinaria y Zootecnia;7;4.1;000-648-359;150;76;20;10;0
967794828;Teofilo;Sierra;Padilla;CC;314 401 3969;brayanjiru14@gmail.com;;Facultad Ciencias Básicas;Química;4;4.2;000-531-363;126;95;18;10;1
337716766;Orlando;Gomez;Mendoza;CC;321 620 5042;brayanjiru14@gmail.com;;Facultad de Educación y Ciencias Humanas;Informática;5;3.6;000-504-967;264;182;20;10;0
118460953;Gustavo;Padilla;Fabra;CC;311 865 3723;brayanjiru14@gmail.com;;Facultad Ciencias Básicas;Geografía;6;4.3;000-104-858;230;157;15;15;0
687164961;Alberto;Vega;Sierra;CC;315 255 1587;brayanjiru14@gmail.com;;Facultad de Ciencias Agrícolas;Ingenierpía Agronómica;3;3.0;000-947-526;120;88;21;21;0
725825033;Mariana;Pineda;Pineda;TI;311 757 8495;brayanjiru14@gmail.com;;Facultad Ciencias de la Salud;Administración en Salud;1;3.3;000-993-353;179;116;21;21;0
127558157;Elian;Otero;Otero;CC;321 892 3479;brayanjiru14@gmail.com;;Facultad de Medicina Veterinaria y Zootecnia;Medicina Veterinaria y Zootecnia;4;3.4;000-660-840;219;67;20;20;0
734112199;Juliana;Alvarez;Santos;CC;314 408 4454;brayanjiru14@gmail.com;;Facultad Ciencias Económicas, jurídicas y Administrativas;Administración en Finanzas y Negocios Internacionales;10;3.5;000-744-833;279;137;20;20;0
851319843;Jose;Hoyos;Cortez;CC;301 935 1596;brayanjiru14@gmail.com;;Facultad Ciencias Económicas, jurídicas y Administrativas;Derecho;3;3.9;000-122-546;248;56;19;19;0
601280874;Daniel;Vega;Dueñas;CC;303 770 3933;brayanjiru14@gmail.com;;Facultad Ciencias Básicas;Física;7;3.5;000-828-185;232;213;19;9;2
138224971;Duvan;Quiroga;Sierra;CC;312 812 6298;brayanjiru14@gmail.com;;Facultad Ciencias Básicas;Biología;3;4.9;000-566-814;178;111;17;17;0
472947686;Jenifer;Perez;Negrete;CC;310 730 3879;brayanjiru14@gmail.com;;Facultad Ciencias de la Salud;Administración en Salud;3;4.5;000-747-846;287;111;16;12;0
985307143;Fabian;Gomez;Lopez;CC;314 914 5184;brayanjiru14@gmail.com;;Facultad de Medicina Veterinaria y Zootecnia;Medicina Veterinaria y Zootecnia;1;4.4;000-481-110;282;189;21;8;0
654042278;Fernando;Bedoya;Martinez;CC;301 650 2172;brayanjiru14@gmail.com;;Facultad de Ciencias Agrícolas;Acuicultura;5;3.8;000-839-829;183;126;18;18;0
617126575;Gustavo;Peña;Garcia;CC;310 124 8777;brayanjiru14@gmail.com;;Facultad de Ciencias Agrícolas;Ingenierpía Agronómica;6;4.8;000-582-602;155;47;18;18;0
399528056;Daniel;Posada;Rodriguez;CC;301 966 7072;brayanjiru14@gmail.com;;Facultad Ciencias Económicas, jurídicas y Administrativas;Derecho;10;3.4;000-370-822;111;55;20;15;0
226320421;Elian;Jimenez;Lopez;CC;301 328 6291;brayanjiru14@gmail.com;;Facultad de Medicina Veterinaria y Zootecnia;Medicina Veterinaria y Zootecnia;5;4.8;000-342-486;151;35;15;15;0
806835896;Fernando;Gonzales;Garcia;CC;322 644 3339;brayanjiru14@gmail.com;;Facultad de Ingeniería;Ingeniería Mecánica;10;3.5;000-811-821;247;29;20;20;0
208859099;Kate;Bedoya;Posada;CC;322 939 9244;brayanjiru14@gmail.com;;Facultad Ciencias de la Salud;Bacteriología;8;4.1;000-819-109;174;166;16;16;2
869686028;Jenifer;Gomez;Gonzales;CC;323 781 7746;brayanjiru14@gmail.com;;Facultad Ciencias Básicas;Química;3;3.5;000-872-472;107;79;19;14;0
477420837;Alberto;Carvajal;Mendoza;CC;304 988 5821;brayanjiru14@gmail.com;;Facultad Ciencias de la Salud;Regencia de Farmacia;5;5.0;000-700-115;259;199;16;16;0
793789351;Teofilo;Agamez;Martinez;CC;300 304 6061;brayanjiru14@gmail.com;;Facultad de Ingeniería;Ingeniería Mecánica;3;4.3;000-183-379;118;116;19;8;0
511965303;Kate;Alvarez;Ruiz;CC;311 613 2398;brayanjiru14@gmail.com;;Facultad de Ciencias Agrícolas;Ingenierpía Agronómica;7;3.5;000-790-777;130;90;20;20;1
432304182;Mariana;Perez;Quiroga;CC;314 808 9048;brayanjiru14@gmail.com;;Facultad de Medicina Veterinaria y Zootecnia;Medicina Veterinaria y Zootecnia;4;4.9;000-679-327;118;118;21;18;0
260365864;Vanessa;Pineda;Agamez;CC;305 633 5831;brayanjiru14@gmail.com;;Facultad Ciencias Económicas, jurídicas y Administrativas;Derecho;1;3.6;000-950-891;242;71;21;21;0
647156907;Anuar;Vega;Gomez;CC;321 535 8138;brayanjiru14@gmail.com;;Facultad de Medicina Veterinaria y Zootecnia;Medicina Veterinaria y Zootecnia;1;3.1;000-737-599;209;166;15;15;0
470781510;Monica;Martinez;Mesa;CC;310 449 7039;brayanjiru14@gmail.com;;Facultad de Medicina Veterinaria y Zootecnia;Medicina Veterinaria y Zootecnia;5;4.8;000-760-913;172;132;20;20;0
318717196;Maria;Alvarez;Otero;CC;320 754 2225;brayanjiru14@gmail.com;;Facultad de Ingeniería;Ingeniería Industrial;5;4.1;000-540-191;103;54;17;17;0
139617871;Vanessa;Berrio;Jimenez;CC;323 416 1092;brayanjiru14@gmail.com;;Facultad de Educación y Ciencias Humanas;Educación Infantil;2;3.7;000-894-461;284;93;18;18;0
606292134;Federico;Negrete;Petro;CC;302 996 6122;brayanjiru14@gmail.com;;Facultad Ciencias Económicas, jurídicas y Administrativas;Administración en Finanzas y Negocios Internacionales;9;4.8;000-352-373;187;166;16;8;0
918518368;Andrea;Ruiz;Garcia;CC;324 341 8474;brayanjiru14@gmail.com;;Facultad de Educación y Ciencias Humanas;Informática;9;3.9;000-195-538;289;131;21;21;0
958865496;Vanessa;Garcia;Lopez;CC;321 676 7981;brayanjiru14@gmail.com;;Facultad Ciencias de la Salud;Regencia de Farmacia;8;4.7;000-608-241;187;171;18;18;0
543110048;Daniela;Hoyos;Alvarez;TI;313 875 7745;brayanjiru14@gmail.com;;Facultad de Ciencias Agrícolas;Acuicultura;5;3.1;000-317-194;266;162;19;16;0
414309857;Vanessa;Dueñas;Carvajal;CC;323 414 1824;brayanjiru14@gmail.com;;Facultad de Educación y Ciencias Humanas;Educación Artística;5;4.2;000-333-744;155;51;15;15;0
724855747;Mariana;Garcia;Hoyos;CC;302 716 8947;brayanjiru14@gmail.com;;Facultad de Ingeniería;Ingeniería de Sistemas;8;4.9;000-870-221;133;126;16;16;0
663858926;Monica;Herazo;Jimenez;CC;322 444 3534;brayanjiru14@gmail.com;;Facultad Ciencias Básicas;Biología;2;4.1;000-582-791;118;98;19;13;0
712078609;Daniela;Agamez;Vega;CC;312 252 3643;brayanjiru14@gmail.com;;Facultad Ciencias Básicas;Geografía;8;4.0;000-823-198;137;134;21;21;0
485264520;Fabian;Vega;Vega;TI;302 660 3114;brayanjiru14@gmail.com;;Facultad de Medicina Veterinaria y Zootecnia;Medicina Veterinaria y Zootecnia;4;3.7;000-325-106;100;27;16;16;0
520072057;Daniela;Mesa;Ruiz;CC;313 119 9690;brayanjiru14@gmail.com;;Facultad Ciencias de la Salud;Administración en Salud;8;4.7;000-146-351;189;76;19;19;4
201643738;Pedro;Perez;Padilla;CC;312 608 3128;brayanjiru14@gmail.com;;Facultad Ciencias Económicas, jurídicas y Administrativas;Derecho;10;4.8;000-953-496;193;129;19;19;0
946912085;Valentina;Martinez;Acuña;CC;310 889 9976;brayanjiru14@gmail.com;;Facultad de Ingeniería;Ingeniería de Alimentos;5;3.9;000-308-819;114;51;20;17;0
791381197;Maria;Padilla;Herazo;CC;305 136 8975;brayanjiru14@gmail.com;;Facultad Ciencias Económicas, jurídicas y Administrativas;Derecho;4;4.9;000-956-747;288;179;19;16;0
629134202;Mariana;Mesa;Mozo;CC;300 556 7104;brayanjiru14@gmail.com;;Facultad Ciencias Económicas, jurídicas y Administrativas;Administración en Finanzas y Negocios Internacionales;8;4.4;000-365-929;210;65;18;18;0
454910689;Laura;Acuña;Cordero;CC;311 996 6086;brayanjiru14@gmail.com;;Facultad Ciencias de la Salud;Administración en Salud;4;4.6;000-155-411;147;23;21;21;0
650509672;Kate;Vega;Dueñas;CC;302 640 6740;brayanjiru14@gmail.com;;Facultad de Medicina Veterinaria y Zootecnia;Medicina Veterinaria y Zootecnia;1;3.9;000-698-859;234;51;19;19;0
988446917;Andres;Cordero;Dueñas;CC;314 725 3587;brayanjiru14@gmail.com;;Facultad Ciencias Básicas;Geografía;9;4.2;000-221-582;269;217;16;10;1
174936018;Federico;Gomez;Agamez;CC;311 864 6731;brayanjiru14@gmail.com;;Facultad de Educación y Ciencias Humanas;Educación Infantil;7;3.1;000-339-974;157;138;20;20;1
191206672;Juan;Posada;Petro;CC;324 837 7045;brayanjiru14@gmail.com;;Facultad de Medicina Veterinaria y Zootecnia;Medicina Veterinaria y Zootecnia;4;3.3;000-345-895;150;131;20;20;0
898147609;Daniel;Quiroga;Sierra;CC;304 998 8072;brayanjiru14@gmail.com;;Facultad Ciencias Económicas, jurídicas y Administrativas;Administración en Finanzas y Negocios Internacionales;9;3.6;000-923-733;283;66;16;14;0
406604735;Duvan;Acuña;Mendoza;CC;315 644 4840;brayanjiru14@gmail.com;;Facultad de Educación y Ciencias Humanas;Lenguas Extranjeras con Énfasis en Inglés;1;4.9;000-362-568;256;45;20;20;0
392440055;Sebastian;Quiroga;Acuña;CC;313 664 3019;brayanjiru14@gmail.com;;Facultad Ciencias Básicas;Biología;9;4.2;000-254-644;148;146;21;16;0
671759490;Orlando;Bedoya;Rodriguez;CC;322 510 1723;brayanjiru14@gmail.com;;Facultad Ciencias de la Salud;Bacteriología;4;3.6;000-123-359;260;111;21;21;0
968352078;Miguel;Sierra;Martinez;CC;302 111 1629;brayanjiru14@gmail.com;;Facultad de Educación y Ciencias Humanas;Educación Infantil;5;4.4;000-852-860;163;100;19;11;4
979292602;Juliana;Padilla;Bedoya;CC;305 219 1597;brayanjiru14@gmail.com;;Facultad de Educación y Ciencias Humanas;Educación Física, Recreación y Deporte;5;4.1;000-845-661;174;83;15;11;3
326087256;Daniel;Otero;Fabra;CC;310 716 5616;brayanjiru14@gmail.com;;Facultad Ciencias de la Salud;Regencia de Farmacia;1;3.7;000-407-193;226;48;21;16;0
367128061;Duvan;Berrio;Quiroga;CC;303 732 5287;brayanjiru14@gmail.com;;Facultad de Ciencias Agrícolas;Acuicultura;1;4.5;000-233-827;149;85;16;16;0
889146671;Valentina;Posada;Santos;CC;301 235 1404;brayanjiru14@gmail.com;;Facultad de Ingeniería;Ingeniería Ambiental;9;3.8;000-454-475;177;20;15;15;0
137858967;Juliana;Agamez;Fabra;CC;321 510 8705;brayanjiru14@gmail.com;;Facultad de Ciencias Agrícolas;Acuicultura;8;4.7;000-776-927;271;79;17;14;0
823442592;Mariana;Bedoya;Lopez;CC;301 534 5638;brayanjiru14@gmail.com;;Facultad Ciencias Básicas;Geografía;4;3.1;000-157-550;184;84;18;11;0
530411918;Vanessa;Padilla;Jimenez;CC;312 855 2601;brayanjiru14@gmail.com;;Facultad de Medicina Veterinaria y Zootecnia;Medicina Veterinaria y Zootecnia;1;4.2;000-683-127;257;150;19;19;0
766588071;Vanessa;Garcia;Vega;TI;312 966 2989;brayanjiru14@gmail.com;;Facultad de Medicina Veterinaria y Zootecnia;Medicina Veterinaria y Zootecnia;6;4.5;000-400-641;235;127;16;14;0
122850458;Gustavo;Pineda;Bedoya;CC;303 468 1476;brayanjiru14@gmail.com;;Facultad Ciencias de la Salud;Administración en Salud;7;4.8;000-146-126;110;76;15;15;3
509788639;Elian;Alvarez;Sierra;CC;305 717 1629;brayanjiru14@gmail.com;;Facultad Ciencias Económicas, jurídicas y Administrativas;Administración en Finanzas y Negocios Internacionales;3;3.0;000-888-887;233;20;18;18;3
442973698;Luz;Santos;Sierra;CC;315 712 4022;brayanjiru14@gmail.com;;Facultad de Ingeniería;Ingeniería de Sistemas;8;3.2;000-543-654;287;196;19;19;0
687446964;Laura;Rodriguez;Berrio;TI;305 379 7545;brayanjiru14@gmail.com;;Facultad de Ciencias Agrícolas;Acuicultura;2;3.2;000-816-668;174;17;16;16;0
582959736;Juan;Agamez;Acuña;CC;323 622 4184;brayanjiru14@gmail.com;;Facultad de Medicina Veterinaria y Zootecnia;Medicina Veterinaria y Zootecnia;5;3.2;000-902-221;199;155;15;15;0
998906547;Sebastian;Mendoza;Garcia;CC;301 696 8777;brayanjiru14@gmail.com;;Facultad de Medicina Veterinaria y Zootecnia;Medicina Veterinaria y Zootecnia;3;5.0;000-869-614;172;16;15;15;1
474352670;Miguel;Hoyos;Otero;CC;312 412 6583;brayanjiru14@gmail.com;;Facultad de Educación y Ciencias Humanas;Educación Artística;8;3.6;000-203-794;223;137;16;15;0
463141486;Anuar;Rodriguez;Jimenez;CC;302 922 6737;brayanjiru14@gmail.com;;Facultad de Ciencias Agrícolas;Ingenierpía Agronómica;7;4.2;000-215-258;220;130;19;9;0
797187201;Gustavo;Peña;Berrio;CC;323 222 3851;brayanjiru14@gmail.com;;Facultad de Educación y Ciencias Humanas;Lenguas Extranjeras con Énfasis en Inglés;7;4.7;000-996-309;105;58;15;15;0
520289956;Daniel;Dueñas;Hoyos;CC;312 546 6184;brayanjiru14@gmail.com;;Facultad de Ciencias Agrícolas;Ingenierpía Agronómica;5;4.7;000-568-203;113;59;18;15;1
598850587;Johan;Mozo;Mendoza;CC;314 343 1458;brayanjiru14@gmail.com;;Facultad de Ingeniería;Ingeniería Mecánica;6;3.3;000-146-115;135;31;18;18;0
621762023;Andrea;Agamez;Mesa;CC;303 677 2578;brayanjiru14@gmail.com;;Facultad de Educación y Ciencias Humanas;Educación Infantil;1;3.7;000-662-233;196;65;20;9;0
622364007;Jenifer;Posada;Petro;CC;315 103 4035;brayanjiru14@gmail.com;;Facultad Ciencias de la Salud;Bacteriología;7;3.8;000-891-210;289;40;16;10;3
822781156;Alberto;Alvarez;Jimenez;TI;304 144 6151;brayanjiru14@gmail.com;;Facultad Ciencias de la Salud;Regencia de Farmacia;6;4.5;000-717-767;191;58;17;8;0
753245022;Daniela;Jimenez;Ruiz;CC;322 849 3349;brayanjiru14@gmail.com;;Facultad Ciencias Básicas;Matemáticas;9;4.4;000-545-597;206;112;20;16;0
411990614;Andres;Mendoza;Agamez;CC;302 798 5827;brayanjiru14@gmail.com;;Facultad Ciencias de la Salud;Regencia de Farmacia;7;4.3;000-203-124;259;225;15;15;3
422387078;Andres;Petro;Mesa;TI;301 725 8269;brayanjiru14@gmail.com;;Facultad Ciencias Básicas;Biología;3;3.7;000-516-325;272;95;20;20;0
790041042;Maria;Bedoya;Fabra;CC;300 340 9174;brayanjiru14@gmail.com;;Facultad de Educación y Ciencias Humanas;Educación Física, Recreación y Deporte;7;4.4;000-638-211;154;87;21;21;1
321230601;Luz;Mendoza;Mozo;CC;315 525 8998;brayanjiru14@gmail.com;;Facultad Ciencias de la Salud;Regencia de Farmacia;8;4.2;000-739-451;128;100;21;12;0
618802587;Alberto;Jimenez;Martinez;CC;303 857 4648;brayanjiru14@gmail.com;;Facultad Ciencias Económicas, jurídicas y Administrativas;Administración en Finanzas y Negocios Internacionales;7;4.3;000-875-838;230;108;21;16;2
324274815;Anuar;Jimenez;Mozo;CC;310 564 2206;brayanjiru14@gmail.com;;Facultad Ciencias Económicas, jurídicas y Administrativas;Administración en Finanzas y Negocios Internacionales;6;4.8;000-941-895;111;57;15;15;0
387588486;Daniel;Mendoza;Santos;TI;301 173 4624;brayanjiru14@gmail.com;;Facultad de Ciencias Agrícolas;Ingenierpía Agronómica;4;3.7;000-960-505;122;32;21;8;0
954760454;Luz;Mozo;Mesa;CC;301 912 5015;brayanjiru14@gmail.com;;Facultad de Ingeniería;Ingeniería de Sistemas;2;3.8;000-108-327;194;170;18;9;0
354311926;Valentina;Mendoza;Sierra;CC;323 857 4339;brayanjiru14@gmail.com;;Facultad de Ingeniería;Ingeniería de Sistemas;2;4.3;000-742-583;187;119;15;12;0
857488904;Monica;Posada;Jimenez;CC;301 581 2517;brayanjiru14@gmail.com;;Facultad Ciencias Económicas, jurídicas y Administrativas;Administración en Finanzas y Negocios Internacionales;5;5.0;000-162-382;269;159;16;12;3
532865581;Maria;Pineda;Pineda;CC;310 859 1850;brayanjiru14@gmail.com;;Facultad de Medicina Veterinaria y Zootecnia;Medicina Veterinaria y Zootecnia;8;3.1;000-997-150;181;96;18;18;0
137815041;Pedro;Mendoza;Mendoza;CC;304 271 4188;brayanjiru14@gmail.com;;Facultad de Medicina Veterinaria y Zootecnia;Medicina Veterinaria y Zootecnia;3;3.8;000-635-544;215;197;18;18;3
708079900;Juliana;Berrio;Hoyos;CC;300 360 4964;brayanjiru14@gmail.com;;Facultad de Ingeniería;Ingeniería de Sistemas;10;4.5;000-923-367;286;99;21;21;1
541731860;Luz;Sierra;Quiroga;CC;313 897 9478;brayanjiru14@gmail.com;;Facultad Ciencias Económicas, jurídicas y Administrativas;Derecho;6;3.1;000-168-567;146;62;20;9;4
598684523;Anuar;Vega;Acuña;CC;302 190 1097;brayanjiru14@gmail.com;;Facultad de Educación y Ciencias Humanas;Literatura y Lengua Castellana;8;3.8;000-994-200;266;235;19;10;1
669843388;Juliana;Agamez;Jimenez;CC;315 381 3033;brayanjiru14@gmail.com;;Facultad de Medicina Veterinaria y Zootecnia;Medicina Veterinaria y Zootecnia;10;3.1;000-521-741;252;40;16;16;0
431873213;Daniel;Jimenez;Agamez;CC;321 401 2394;brayanjiru14@gmail.com;;Facultad Ciencias de la Salud;Bacteriología;9;3.9;000-539-174;216;193;19;19;0
848026635;Monica;Cortez;Rodriguez;CC;312 925 3474;brayanjiru14@gmail.com;;Facultad de Ciencias Agrícolas;Ingenierpía Agronómica;10;3.5;000-595-687;127;22;19;19;0
448199498;Teofilo;Perez;Peña;CC;313 670 8734;brayanjiru14@gmail.com;;Facultad Ciencias Básicas;Geografía;2;4.0;000-354-382;124;87;20;9;0
635810274;Laura;Fabra;Mendoza;CC;304 422 2204;brayanjiru14@gmail.com;;Facultad de Educación y Ciencias Humanas;Ciencias Sociales;1;3.2;000-131-442;153;28;19;19;0
246084967;Fernando;Vega;Jimenez;CC;310 734 5747;brayanjiru14@gmail.com;;Facultad de Ciencias Agrícolas;Ingenierpía Agronómica;3;3.4;000-979-787;256;194;17;17;0
564722420;Shakira;Otero;Acuña;CC;321 252 8388;brayanjiru14@gmail.com;;Facultad de Ingeniería;Ingeniería Industrial;10;3.6;000-516-256;209;208;20;20;1
780688055;Miguel;Acuña;Pineda;CC;302 138 1289;brayanjiru14@gmail.com;;Facultad de Ingeniería;Ingeniería Industrial;3;4.8;000-495-676;211;62;20;20;0
965682005;Valentina;Vega;Carvajal;CC;302 672 2873;brayanjiru14@gmail.com;;Facultad de Ciencias Agrícolas;Acuicultura;8;4.9;000-665-842;240;87;17;10;0
673523821;Vanessa;Pineda;Perez;CC;312 287 3138;brayanjiru14@gmail.com;;Facultad de Educación y Ciencias Humanas;Literatura y Lengua Castellana;8;3.8;000-103-430;242;64;20;20;0
949819246;Roberto;Peña;Mendoza;CC;314 721 6974;brayanjiru14@gmail.com;;Facultad de Educación y Ciencias Humanas;Educación Artística;9;3.9;000-157-820;138;49;16;14;2
530803225;Roberto;Perez;Posada;CC;302 540 1393;brayanjiru14@gmail.com;;Facultad Ciencias Básicas;Estadística;7;4.7;000-757-959;124;27;21;14;0
959588638;Sebastian;Posada;Peña;CC;303 301 9416;brayanjiru14@gmail.com;;Facultad de Medicina Veterinaria y Zootecnia;Medicina Veterinaria y Zootecnia;2;3.7;000-432-111;147;142;20;17;0
422232630;Aura;Mendoza;Sierra;CC;314 815 3569;brayanjiru14@gmail.com;;Facultad de Medicina Veterinaria y Zootecnia;Medicina Veterinaria y Zootecnia;10;3.5;000-279-810;235;116;18;18;0
951680354;Federico;Rodriguez;Lopez;CC;313 730 8752;brayanjiru14@gmail.com;;Facultad Ciencias Económicas, jurídicas y Administrativas;Derecho;1;4.0;000-316-392;205;167;20;14;3
787512946;Daniel;Berrio;Garcia;CC;315 616 1030;brayanjiru14@gmail.com;;Facultad de Ingeniería;Ingeniería Mecánica;9;4.9;000-506-123;196;50;16;12;0
405588523;Anuar;Cordero;Mendoza;CC;320 892 4794;brayanjiru14@gmail.com;;Facultad Ciencias Básicas;Física;7;3.1;000-979-642;247;171;19;12;1
164738423;Mariana;Gomez;Alvarez;CC;310 977 4046;brayanjiru14@gmail.com;;Facultad Ciencias Básicas;Geografía;4;3.1;000-738-836;164;159;15;15;0
736306017;Daniel;Lopez;Martinez;CC;313 754 4301;brayanjiru14@gmail.com;;Facultad de Medicina Veterinaria y Zootecnia;Medicina Veterinaria y Zootecnia;4;3.3;000-231-831;239;170;18;18;4
776855007;Juliana;Gonzales;Cortez;CC;303 267 8997;brayanjiru14@gmail.com;;Facultad de Ciencias Agrícolas;Acuicultura;2;4.6;000-856-359;284;32;15;15;0
990763055;Valentina;Dueñas;Mendoza;CC;315 560 5347;brayanjiru14@gmail.com;;Facultad de Ciencias Agrícolas;Acuicultura;6;3.8;000-211-871;275;147;18;18;0
903753103;Maria;Lopez;Petro;CC;324 330 2170;brayanjiru14@gmail.com;;Facultad Ciencias de la Salud;Bacteriología;10;3.8;000-730-307;182;77;19;13;0
564272579;Aura;Cordero;Mesa;CC;300 578 9654;brayanjiru14@gmail.com;;Facultad Ciencias Básicas;Estadística;5;3.1;000-279-138;211;41;18;18;0
650157242;Elian;Berrio;Martinez;CC;304 886 1610;brayanjiru14@gmail.com;;Facultad Ciencias de la Salud;Enfermería;6;4.8;000-664-441;164;42;16;10;2
